yt.be,ASW,AE,AE
cloudflare.com,AMN,US,US
xreal.com,AMN,US,US
synology.com,AMN,US,US
vpnbook.com,AMN,US,US
medium.com,AMN,US,US
suno.com,AMN,US,US
mailgun.com,AMN,US,US
heroku.com,AMN,US,US
lantern.io,AMN,US,US
patreon.com,AMN,US,US
hashicorp.com,AMN,US,US
vagrantcloud.com,AMN,US,US
amazonaws.com,AMN,US,US
nnmclub.to,AMN,US,US
jetbrains.com,EUN,FI,FI
clamav.net,AMN,US,US
google.dev,ASW,AE,AE
google.com,ASW,AE,AE
advancedcustomfields.com,ASW,AE,AE
deskreen.com,AMN,US,US
distrosea.com,AMN,US,US
cocalc.com,EUN,GB,GB
anydesk.com,AMN,US,US
document360.io,AMN,US,US
corel.com,AMN,US,US
u2dpn.xyz,EUN,FI,FI
claude.ai,AMN,US,US
anthropic.com,AMN,US,US
play.google.com,ASW,AE,AE
lc-play.googleusercontent.com,ASW,AE,AE
play.googleapis.com,ASW,AE,AE
dl-ssl.google.com,ASW,AE,AE
android.clients.google.com,ASW,AE,AE
android.com,AMN,US,US
dns.google.com,ASW,AE,AE
nel.goog,AMN,US,US
mtalk.google.com,ASW,AE,AE
firebaseinstallations.googleapis.com,AMN,US,US
connectivity.gstatic.com,ASW,AE,AE
safeway.com,ASW,AE,AE
db-ip.com,ASW,AE,AE
ngrok.com,ASW,AE,AE
getcomposer.org,ASW,AE,AE
dependabot.com,ASW,AE,AE
parsec.app,ASW,AE,AE
parsecgaming.com,ASW,AE,AE
packagist.org,ASW,AE,AE
microsoft.com,ASW,AE,AE
online-metrix.net,ASW,AE,AE
live.com,ASW,AE,AE
msauth.net,ASW,AE,AE
gfx.ms,ASW,AE,AE
yarnpkg.com,ASW,AE,AE
deepseek.com,ASW,AE,AE
picsart.com,ASW,AE,AE
img2go.com,ASW,AE,AE
gofile.io,AMN,US,US
